{
  "project": "moda_elegante_ecommerce",
  "version": "1.0.0",
  "description": "Sitio web de comercio electrónico para moda femenina en español",
  "architecture": {
    "frontend": {
      "framework": "Next.js",
      "styling": ["Shadcn UI", "Tailwind CSS"],
      "language": "TypeScript",
      "stateManagement": ["Zustand", "React Context API"],
      "authentication": "NextAuth.js",
      "internationalization": "next-intl",
      "hosting": "Vercel",
      "modules": [
        {
          "name": "Componentes UI",
          "components": ["Layout", "Navbar", "Footer", "ProductCard", "CartWidget", "ReviewStars"]
        },
        {
          "name": "Páginas",
          "components": ["HomePage", "CategoryPage", "ProductPage", "CartPage", "CheckoutPage", "AccountPage", "AdminDashboard"]
        },
        {
          "name": "Optimización",
          "features": ["Server-side rendering", "Static generation", "Lazy loading", "Image optimization"]
        }
      ]
    },
    "backend": {
      "framework": "Node.js + Express",
      "language": "TypeScript",
      "architecture": "Microservicios",
      "hosting": "AWS/Azure/GCP (servicio gestionado)",
      "services": [
        {
          "name": "AuthService",
          "responsibility": "Autenticación y autorización de usuarios",
          "endpoints": [
            "/api/auth/register",
            "/api/auth/login",
            "/api/auth/refresh",
            "/api/auth/password-reset"
          ]
        },
        {
          "name": "CatalogService",
          "responsibility": "Gestión de productos y categorías",
          "endpoints": [
            "/api/products",
            "/api/products/{id}",
            "/api/categories",
            "/api/products/search",
            "/api/products/{id}/reviews"
          ]
        },
        {
          "name": "CartService",
          "responsibility": "Gestión del carrito y checkout",
          "endpoints": [
            "/api/cart",
            "/api/cart/items",
            "/api/checkout/shipping",
            "/api/checkout/payment",
            "/api/checkout/confirm"
          ]
        },
        {
          "name": "OrderService",
          "responsibility": "Gestión de pedidos",
          "endpoints": [
            "/api/orders",
            "/api/orders/{id}",
            "/api/orders/{id}/status"
          ]
        },
        {
          "name": "CommunicationService",
          "responsibility": "Emails y mensajería WhatsApp",
          "endpoints": [
            "/api/messages/whatsapp",
            "/api/messages/email",
            "/api/messages/notifications"
          ]
        },
        {
          "name": "AdminService",
          "responsibility": "Panel de administración",
          "endpoints": [
            "/api/admin/dashboard",
            "/api/admin/products",
            "/api/admin/orders",
            "/api/admin/customers",
            "/api/admin/settings"
          ]
        }
      ]
    },
    "database": {
      "primary": {
        "type": "PostgreSQL",
        "schemas": [
          {
            "name": "users",
            "description": "Información de usuarios y clientes",
            "fields": [
              { "name": "id", "type": "string", "primaryKey": true },
              { "name": "email", "type": "string", "unique": true },
              { "name": "passwordHash", "type": "string" },
              { "name": "firstName", "type": "string" },
              { "name": "lastName", "type": "string" },
              { "name": "phoneNumber", "type": "string" },
              { "name": "createdAt", "type": "timestamp" },
              { "name": "updatedAt", "type": "timestamp" },
              { "name": "role", "type": "string", "enum": ["customer", "admin", "editor"] },
              { "name": "emailVerified", "type": "boolean" }
            ]
          },
          {
            "name": "addresses",
            "description": "Direcciones de envío y facturación",
            "fields": [
              { "name": "id", "type": "string", "primaryKey": true },
              { "name": "userId", "type": "string", "foreignKey": "users.id" },
              { "name": "fullName", "type": "string" },
              { "name": "line1", "type": "string" },
              { "name": "line2", "type": "string", "nullable": true },
              { "name": "city", "type": "string" },
              { "name": "state", "type": "string" },
              { "name": "postalCode", "type": "string" },
              { "name": "country", "type": "string" },
              { "name": "isDefault", "type": "boolean" },
              { "name": "phoneNumber", "type": "string" }
            ]
          },
          {
            "name": "categories",
            "description": "Jerarquía de categorías de productos",
            "fields": [
              { "name": "id", "type": "string", "primaryKey": true },
              { "name": "name", "type": "string" },
              { "name": "slug", "type": "string", "unique": true },
              { "name": "description", "type": "text", "nullable": true },
              { "name": "imageUrl", "type": "string", "nullable": true },
              { "name": "parentId", "type": "string", "foreignKey": "categories.id", "nullable": true },
              { "name": "isActive", "type": "boolean" },
              { "name": "createdAt", "type": "timestamp" },
              { "name": "updatedAt", "type": "timestamp" }
            ]
          },
          {
            "name": "products",
            "description": "Información básica de productos",
            "fields": [
              { "name": "id", "type": "string", "primaryKey": true },
              { "name": "name", "type": "string" },
              { "name": "slug", "type": "string", "unique": true },
              { "name": "description", "type": "text" },
              { "name": "basePrice", "type": "float" },
              { "name": "salePrice", "type": "float", "nullable": true },
              { "name": "brand", "type": "string" },
              { "name": "isFeatured", "type": "boolean" },
              { "name": "isActive", "type": "boolean" },
              { "name": "createdAt", "type": "timestamp" },
              { "name": "updatedAt", "type": "timestamp" }
            ]
          },
          {
            "name": "product_variants",
            "description": "Variaciones de productos (tallas, colores)",
            "fields": [
              { "name": "id", "type": "string", "primaryKey": true },
              { "name": "productId", "type": "string", "foreignKey": "products.id" },
              { "name": "sku", "type": "string", "unique": true },
              { "name": "size", "type": "string" },
              { "name": "color", "type": "string" },
              { "name": "colorHex", "type": "string" },
              { "name": "stock", "type": "integer" },
              { "name": "priceAdjustment", "type": "float", "default": 0 },
              { "name": "isActive", "type": "boolean" }
            ]
          }
        ]
      },
      "cache": {
        "type": "Redis",
        "useCases": ["Sesiones", "Carrito temporal", "Caché de consultas frecuentes"]
      }
    },
    "storage": {
      "images": {
        "service": "AWS S3",
        "folders": [
          { "name": "products", "access": "public-read" },
          { "name": "categories", "access": "public-read" },
          { "name": "users", "access": "private" }
        ],
        "transforms": ["resize", "optimize", "watermark"]
      },
      "cdn": {
        "service": "Cloudflare",
        "features": ["Caching", "Image optimization", "DDoS protection"]
      }
    },
    "integrations": {
      "payment": [
        {
          "provider": "Stripe",
          "features": ["Credit/Debit cards", "3D Secure", "Saved payment methods"],
          "implementationApproach": "Stripe Elements + Server integration"
        },
        {
          "provider": "PayPal",
          "features": ["Express checkout", "Pay in installments"],
          "implementationApproach": "PayPal SDK + Webhooks"
        },
        {
          "provider": "Bizum",
          "phase": "P2 - Nice to have",
          "implementationApproach": "Through compatible payment processor"
        }
      ],
      "messaging": {
        "provider": "WhatsApp Business API",
        "gateway": "Twilio/MessageBird",
        "features": [
          "Notificaciones automáticas de pedidos",
          "Mensajería bidireccional",
          "Plantillas preaprobadas"
        ],
        "webhooks": [
          "/api/webhooks/whatsapp/message",
          "/api/webhooks/whatsapp/status"
        ]
      },
      "email": {
        "provider": "SendGrid",
        "features": [
          "Transaccional",
          "Plantillas HTML personalizadas",
          "Seguimiento de aperturas/clics"
        ],
        "templates": [
          "Confirmación de registro",
          "Recuperación de contraseña",
          "Confirmación de pedido",
          "Actualización de estado de pedido",
          "Recordatorio de carrito abandonado"
        ]
      },
      "analytics": {
        "provider": "Google Analytics 4",
        "features": [
          "Seguimiento de eventos",
          "Embudos de conversión",
          "Informes de comercio electrónico"
        ]
      }
    },
    "security": {
      "authentication": {
        "method": "JWT",
        "features": [
          "Refresh tokens",
          "Rotación de tokens",
          "MFA (opcional)"
        ]
      },
      "dataProtection": {
        "features": [
          "Cifrado en tránsito (HTTPS)",
          "Cifrado en reposo para datos sensibles",
          "Tokenización de información de pago"
        ]
      },
      "compliance": [
        "RGPD",
        "PCI DSS",
        "LSSI-CE (Ley española de servicios de la sociedad de la información)"
      ]
    },
    "deployment": {
      "ci_cd": {
        "tool": "GitHub Actions",
        "environments": [
          "Desarrollo",
          "Staging",
          "Producción"
        ]
      },
      "monitoring": {
        "tools": [
          "Sentry para errores",
          "Datadog para rendimiento",
          "Uptime Robot para disponibilidad"
        ]
      }
    }
  },
  "orderManagement": {
    "statuses": [
      {
        "name": "Pendiente",
        "description": "Pedido creado pero pago no confirmado",
        "notifications": ["Email confirmación de pedido"]
      },
      {
        "name": "Confirmado",
        "description": "Pago confirmado, pedido en procesamiento",
        "notifications": ["Email", "WhatsApp"]
      },
      {
        "name": "En preparación",
        "description": "Pedido siendo preparado para envío",
        "notifications": ["Email"]
      },
      {
        "name": "Enviado",
        "description": "Pedido entregado a transportista",
        "notifications": ["Email", "WhatsApp"]
      },
      {
        "name": "Entregado",
        "description": "Pedido recibido por el cliente",
        "notifications": ["Email", "WhatsApp", "Solicitud de reseña"]
      },
      {
        "name": "Cancelado",
        "description": "Pedido cancelado",
        "notifications": ["Email", "WhatsApp"]
      }
    ],
    "workflow": {
      "triggers": [
        {
          "event": "Pago confirmado",
          "action": "Actualizar a Confirmado",
          "automation": "Enviar notificaciones, reservar inventario"
        },
        {
          "event": "Preparación completada",
          "action": "Actualizar a En preparación",
          "automation": "Generar etiqueta de envío"
        },
        {
          "event": "Código de seguimiento generado",
          "action": "Actualizar a Enviado",
          "automation": "Enviar notificaciones con seguimiento"
        },
        {
          "event": "Confirmación de entrega",
          "action": "Actualizar a Entregado",
          "automation": "Solicitar reseña después de 3 días"
        }
      ]
    }
  },
  "adminPanel": {
    "dashboard": {
      "widgets": [
        {
          "name": "Resumen de ventas",
          "metrics": ["Ventas diarias", "Ventas semanales", "Ticket medio"]
        },
        {
          "name": "Pedidos recientes",
          "features": ["Lista de últimos 10 pedidos", "Filtro rápido por estado"]
        },
        {
          "name": "Inventario crítico",
          "features": ["Productos con stock bajo", "Productos agotados"]
        },
        {
          "name": "Actividad del sitio",
          "metrics": ["Usuarios activos", "Carritos activos", "Tasa de conversión actual"]
        }
      ]
    },
    "modules": [
      {
        "name": "Gestión de productos",
        "features": [
          "CRUD completo de productos",
          "Gestión de variantes (talla, color)",
          "Carga múltiple de imágenes",
          "Categorización de productos"
        ]
      },
      {
        "name": "Gestión de pedidos",
        "features": [
          "Lista filtrable de pedidos",
          "Actualización de estado",
          "Generación de facturas",
          "Procesamiento de devoluciones"
        ]
      },
      {
        "name": "Gestión de clientes",
        "features": [
          "Directorio de clientes",
          "Historial de pedidos por cliente",
          "Notas y segmentación",
          "Comunicaciones directas"
        ]
      },
      {
        "name": "Marketing",
        "features": [
          "Gestión de cupones",
          "Productos destacados",
          "Banners promocionales",
          "Correos masivos (newsletter)"
        ]
      },
      {
        "name": "Configuración",
        "features": [
          "Ajustes generales de la tienda",
          "Métodos de envío y costos",
          "Métodos de pago",
          "Plantillas de notificaciones"
        ]
      },
      {
        "name": "Analíticas",
        "features": [
          "Informes de ventas",
          "Comportamiento de usuario",
          "Embudos de conversión",
          "Exportación de datos"
        ]
      }
    ]
  },
  "implementationPlan": {
    "phases": [
      {
        "name": "Fase 1: MVP",
        "duration": "4-6 semanas",
        "features": [
          "Frontend básico con Next.js y Tailwind",
          "Catálogo de productos con categorías",
          "Carrito de compra básico",
          "Checkout con PayPal",
          "Panel de administración básico",
          "Autenticación de usuarios"
        ]
      },
      {
        "name": "Fase 2: Funcionalidades Principales",
        "duration": "4 semanas",
        "features": [
          "Integración de WhatsApp",
          "Sistema de reseñas y valoraciones",
          "Filtros avanzados de productos",
          "Integración de pago con tarjeta",
          "Gestión completa de pedidos",
          "Notificaciones por email"
        ]
      },
      {
        "name": "Fase 3: Optimización y Marketing",
        "duration": "3-4 semanas",
        "features": [
          "Optimización SEO",
          "Sistema de recomendaciones",
          "Integración de redes sociales",
          "Programa de fidelización",
          "Analíticas avanzadas",
          "Mejoras de rendimiento"
        ]
      }
    ]
  }
}