{
    "tabs": {
        "00": {
            "tab_id": "00",
            "cwd": "/workspace/shadcn-ui",
            "observer": {
                "block": "Terminal",
                "uuid": "e496283a-7f22-4b36-8791-04d1e5ee629a",
                "enable_llm_stream": false,
                "callback_url": ""
            },
            "shell_command": [
                "bash"
            ],
            "command_terminator": "\n"
        },
        "01": {
            "tab_id": "01",
            "cwd": "/workspace/ecommerce_website",
            "observer": {
                "block": "Terminal",
                "uuid": "51bef513-3ba9-429b-ad18-fe91f7357a2d",
                "enable_llm_stream": false,
                "callback_url": ""
            },
            "shell_command": [
                "bash"
            ],
            "command_terminator": "\n"
        },
        "02": {
            "tab_id": "02",
            "cwd": "/workspace/ecommerce_website",
            "observer": {
                "block": "Terminal",
                "uuid": "5c44430a-1c37-441e-a650-8c306823b386",
                "enable_llm_stream": false,
                "callback_url": ""
            },
            "shell_command": [
                "bash"
            ],
            "command_terminator": "\n"
        },
        "03": {
            "tab_id": "03",
            "cwd": "/workspace/ecommerce_website",
            "observer": {
                "block": "Terminal",
                "uuid": "9e65c9c8-1b91-4abe-9b35-242771392ac8",
                "enable_llm_stream": false,
                "callback_url": ""
            },
            "shell_command": [
                "bash"
            ],
            "command_terminator": "\n"
        }
    },
    "current_tab_id": "03",
    "forbidden_commands": {
        "run preview": "Use Deployer.deploy_to_public instead.",
        "serve ": "Use Deployer.deploy_to_public instead.",
        "python -m http.server": "Use python -u -m http.server port_number instead."
    },
    "timeout": 300.0,
    "working_dir": "/workspace"
}