{
  "project_info": {
    "language": "Español",
    "technologies": ["Shadcn-ui", "TypeScript", "Tailwind CSS"],
    "name": "moda_elegante_ecommerce",
    "requirements": "Sitio web de comercio electrónico completo en español para la venta de ropa, calzado y bolsos para mujer. El sitio debe incluir un logotipo de marca único y diseño limpio, soporte para carga de productos, integración de pasarelas de pago, integración con WhatsApp, sistema de gestión de pedidos, sección de reseñas, diseño responsive y panel de administración."
  },
  "product_definition": {
    "goals": [
      "Ofrecer una experiencia de compra intuitiva y atractiva: Crear una plataforma fácil de usar que muestre los productos de moda femenina de manera visualmente atractiva, con navegación fluida y un proceso de compra simplificado.",
      "Facilitar la gestión eficiente de la tienda online: Proporcionar herramientas robustas para que el propietario pueda gestionar productos, pedidos, inventario y comunicaciones con los clientes sin necesidad de conocimientos técnicos avanzados.",
      "Maximizar las conversiones a través de funcionalidades integradas: Implementar características clave como integración de WhatsApp, sistema de reseñas y diseño responsive para aumentar las tasas de conversión y fomentar la fidelización del cliente."
    ],
    "user_stories": [
      "Como cliente, quiero poder filtrar productos por categoría, talla y precio, para encontrar rápidamente los artículos que me interesan.",
      "Como cliente, quiero ver imágenes de alta calidad de los productos con la opción de ampliarlas, para apreciar los detalles antes de realizar una compra.",
      "Como cliente, deseo poder contactar directamente con la tienda vía WhatsApp si tengo dudas sobre un producto, para recibir respuesta inmediata.",
      "Como administrador, necesito poder añadir nuevos productos con todas sus variantes, imágenes y descripciones detalladas, para mantener el catálogo actualizado.",
      "Como administrador, quiero acceder a un panel que me permita gestionar pedidos, ver estadísticas de ventas y gestionar el inventario, para administrar eficientemente mi negocio."
    ],
    "competitive_analysis": [
      {
        "name": "Zara",
        "pros": [
          "Diseño minimalista y elegante que resalta los productos",
          "Excelente calidad fotográfica",
          "Navegación intuitiva por categorías"
        ],
        "cons": [
          "Proceso de devolución complejo",
          "Tiempos de carga ocasionalmente lentos",
          "Opciones limitadas de atención al cliente"
        ]
      },
      {
        "name": "Mango",
        "pros": [
          "Filtrado avanzado de productos",
          "Programa de fidelización bien integrado",
          "Buena optimización para móviles"
        ],
        "cons": [
          "Menos opciones de personalización en la experiencia de compra",
          "Interface ocasionalmente sobrecargada",
          "Limitada integración con redes sociales"
        ]
      },
      {
        "name": "Stradivarius",
        "pros": [
          "Integración efectiva con redes sociales",
          "Navegación por lookbooks inspiracionales",
          "Buena segmentación de productos"
        ],
        "cons": [
          "Menos opciones de pago disponibles",
          "Información de producto no siempre completa",
          "Experiencia de usuario inconsistente entre dispositivos"
        ]
      },
      {
        "name": "El Corte Inglés (moda)",
        "pros": [
          "Amplia variedad de métodos de pago",
          "Excelente servicio post-venta",
          "Información detallada de productos"
        ],
        "cons": [
          "Diseño menos contemporáneo",
          "Proceso de compra con más pasos",
          "Experiencia móvil mejorable"
        ]
      },
      {
        "name": "Zalando",
        "pros": [
          "Excelente sistema de recomendaciones",
          "Política de devoluciones muy flexible",
          "Filtros de búsqueda avanzados"
        ],
        "cons": [
          "Tiempos de entrega variables",
          "Experiencia a veces abrumadora por exceso de opciones",
          "Menos personalización para el mercado español"
        ]
      },
      {
        "name": "Desigual",
        "pros": [
          "Identidad de marca muy distintiva",
          "Buenas herramientas de visualización de producto",
          "Integración con programa de fidelización"
        ],
        "cons": [
          "Menos opciones de personalización",
          "Rendimiento variable en dispositivos móviles",
          "Proceso de registro obligatorio antes de comprar"
        ]
      }
    ],
    "competitive_quadrant_chart": {
      "title": "Comparativa de experiencia de usuario y funcionalidades",
      "x_axis": "Baja Funcionalidad -> Alta Funcionalidad",
      "y_axis": "Experiencia de Usuario Básica -> Experiencia de Usuario Premium",
      "quadrants": [
        "Alto potencial",
        "Líderes del mercado",
        "Nichos específicos",
        "En desarrollo"
      ],
      "competitors": [
        {"name": "Zara", "x": 0.78, "y": 0.82},
        {"name": "Mango", "x": 0.70, "y": 0.75},
        {"name": "Stradivarius", "x": 0.65, "y": 0.68},
        {"name": "El Corte Inglés", "x": 0.85, "y": 0.60},
        {"name": "Zalando", "x": 0.90, "y": 0.78},
        {"name": "Desigual", "x": 0.60, "y": 0.72},
        {"name": "Nuestro Producto", "x": 0.75, "y": 0.80}
      ]
    }
  },
  "technical_specifications": {
    "requirements_analysis": {
      "functional": {
        "frontend": [
          "Catálogo de productos con categorización jerárquica (ropa, calzado, bolsos)",
          "Ficha detallada de producto con múltiples imágenes, descripción, precio, variantes de talla y color",
          "Carrito de compras persistente",
          "Sistema de búsqueda con filtros avanzados",
          "Proceso de checkout optimizado en máximo 3 pasos",
          "Registro y login de usuarios con opciones sociales",
          "Sistema de valoraciones y reseñas de productos",
          "Sección de \"Mi cuenta\" para gestionar perfil, pedidos y favoritos",
          "Widget de WhatsApp para comunicación directa",
          "Página de contacto con formulario y mapa"
        ],
        "backend": [
          "Panel de administración para gestión de productos",
          "Sistema de gestión de pedidos con estados configurables",
          "Gestión de inventario y alertas de stock bajo",
          "Herramientas de marketing (códigos promocionales, productos destacados)",
          "Módulo de estadísticas y analytics",
          "Integración con pasarelas de pago múltiples",
          "Gestión de usuarios y permisos",
          "Sistema de notificaciones (email, WhatsApp)",
          "Herramientas de SEO básicas",
          "Backup y seguridad de datos"
        ]
      },
      "non_functional": [
        {"name": "Rendimiento", "description": "Tiempo de carga inferior a 3 segundos en condiciones normales"},
        {"name": "Escalabilidad", "description": "Capacidad para manejar hasta 10,000 productos y 1,000 usuarios concurrentes"},
        {"name": "Seguridad", "description": "Conformidad con PCI DSS para procesamiento de pagos, HTTPS, protección contra ataques comunes"},
        {"name": "Disponibilidad", "description": "Uptime de 99.9% con mantenimientos programados fuera de horas pico"},
        {"name": "Usabilidad", "description": "Interface intuitiva para usuarios finales y administradores sin conocimientos técnicos avanzados"},
        {"name": "Compatibilidad", "description": "Funcionalidad completa en navegadores modernos (Chrome, Firefox, Safari, Edge)"},
        {"name": "Responsive", "description": "Experiencia optimizada desde 320px hasta pantallas de escritorio"},
        {"name": "Localización", "description": "Contenido completamente en español, con posibilidad de expansión multilenguaje"},
        {"name": "Accesibilidad", "description": "Cumplimiento de WCAG 2.1 nivel AA"},
        {"name": "Mantenibilidad", "description": "Código modular y documentado para facilitar actualizaciones"}
      ]
    },
    "requirements_pool": {
      "p0": [
        "Catálogo de productos con categorías y filtros básicos",
        "Fichas de producto con imágenes y descripciones",
        "Carrito de compras y proceso de checkout",
        "Pasarelas de pago: tarjetas y PayPal",
        "Panel de administración básico para gestionar productos y pedidos",
        "Diseño responsive completo",
        "Registro y login de usuarios",
        "Sistema de búsqueda básico"
      ],
      "p1": [
        "Integración con WhatsApp Business API",
        "Sistema de valoraciones y reseñas",
        "Filtros avanzados de productos (talla, color, precio, etc.)",
        "Gestión de inventario con alertas",
        "Sistema de notificaciones por email",
        "Wishlist/favoritos",
        "Historial de pedidos para usuarios",
        "Opciones de compartir en redes sociales"
      ],
      "p2": [
        "Integración con Bizum como método de pago",
        "Sistema de recomendaciones de productos",
        "Configuración avanzada de ofertas y descuentos",
        "Analytics avanzados de comportamiento de usuario",
        "Chat en vivo adicional al WhatsApp",
        "Programa de fidelización con puntos",
        "Integración con marketplaces (Amazon, MercadoLibre)",
        "Aplicación móvil complementaria"
      ]
    },
    "ui_design_draft": {
      "home_page": [
        "Hero banner principal con carrusel de promociones",
        "Categorías principales con imágenes destacadas",
        "Sección \"Nuevos productos\"",
        "Sección \"Más vendidos\"",
        "Sección de testimonios de clientes",
        "Newsletter signup",
        "Footer con información corporativa, enlaces rápidos y redes sociales"
      ],
      "category_page": [
        "Banner de categoría",
        "Filtros laterales (talla, color, precio, etc.)",
        "Vista en grid con opciones de ordenación",
        "Vista rápida de productos con hover",
        "Paginación o scroll infinito",
        "Migas de pan para navegación jerárquica"
      ],
      "product_page": [
        "Galería de imágenes con zoom",
        "Información detallada del producto",
        "Selector de talla con guía de tallas",
        "Selector de color con vista previa",
        "Botones de añadir al carrito y favoritos",
        "Sección de reseñas",
        "Productos relacionados",
        "Widget de WhatsApp visible"
      ],
      "cart_checkout": [
        "Resumen de productos con imágenes",
        "Opción de modificar cantidades o eliminar",
        "Calculadora de envío",
        "Cupón de descuento",
        "Proceso de checkout en 3 pasos: Información de contacto y envío, Método de pago, Confirmación del pedido",
        "Opciones de registro o compra como invitado"
      ],
      "admin_panel": [
        "Dashboard con estadísticas clave",
        "Gestión de productos (CRUD completo)",
        "Gestión de pedidos con estados personalizables",
        "Gestión de clientes",
        "Informes de ventas básicos",
        "Configuración de la tienda"
      ]
    },
    "open_questions": [
      "¿Se tiene definido el nombre, logotipo y paleta de colores de la tienda?",
      "¿Cuál es el número aproximado de productos con el que se iniciará la tienda?",
      "¿Qué proveedores de envío se utilizarán? ¿Se necesitará integración API con ellos?",
      "¿Se requiere alguna estrategia específica de SEO o integración con herramientas de marketing?",
      "¿Hay planes de expansión a otros mercados o idiomas en el futuro cercano?",
      "¿Se prefiere algún proveedor específico de hosting o cloud?",
      "¿Se cuenta ya con una cuenta de WhatsApp Business configurada?",
      "¿Existe algún sistema previo del cual se deba migrar información?",
      "¿Se necesita asesoría para configurar términos y condiciones, política de privacidad y cookies según RGPD?",
      "¿Cuáles son las expectativas de inversión y tiempo para el lanzamiento?"
    ]
  },
  "implementation_plan": {
    "phases": [
      {
        "name": "Fase 1: MVP",
        "duration": "4-6 semanas",
        "tasks": [
          "Configuración del frontend y backend básicos",
          "Catálogo de productos con categorías principales",
          "Carrito y checkout con PayPal",
          "Panel de administración básico",
          "Diseño responsive"
        ]
      },
      {
        "name": "Fase 2: Funcionalidades Principales",
        "duration": "4 semanas",
        "tasks": [
          "Integración de WhatsApp",
          "Sistema de reseñas",
          "Filtros avanzados",
          "Integración de tarjetas de crédito/débito",
          "Notificaciones por email"
        ]
      },
      {
        "name": "Fase 3: Optimización y Marketing",
        "duration": "3-4 semanas",
        "tasks": [
          "Optimización SEO",
          "Sistema de recomendaciones",
          "Integración de redes sociales",
          "Programa de fidelización",
          "Analytics avanzados"
        ]
      }
    ],
    "tech_architecture": {
      "frontend": "Next.js con TypeScript y Tailwind CSS + Shadcn UI",
      "backend": "API RESTful con Node.js/Express o Django (Python)",
      "database": "PostgreSQL",
      "cdn": "Cloudflare o similar para optimización de imágenes y assets",
      "hosting": "Vercel/Netlify para frontend, servicios gestionados para backend",
      "payment_gateways": "Stripe (tarjetas), PayPal, y Bizum (opcional)",
      "whatsapp_integration": "WhatsApp Business API a través de proveedores oficiales"
    }
  },
  "success_metrics": {
    "engagement": [
      {"name": "Tiempo promedio en el sitio", "target": "> 3 minutos"},
      {"name": "Páginas por sesión", "target": "> 4"},
      {"name": "Tasa de rebote", "target": "< 40%"}
    ],
    "conversion": [
      {"name": "Tasa de conversión global", "target": "> 2%"},
      {"name": "Tasa de abandono de carrito", "target": "< 65%"},
      {"name": "Valor promedio de pedido", "target": "> 75€"}
    ],
    "satisfaction": [
      {"name": "Valoración media de productos", "target": "> 4.2/5"},
      {"name": "Tasa de devolución", "target": "< 15%"},
      {"name": "NPS", "target": "> 50"}
    ],
    "operations": [
      {"name": "Tiempo de carga de página", "target": "< 3 segundos"},
      {"name": "Uptime", "target": "> 99.9%"},
      {"name": "Tasa de error en checkout", "target": "< 1%"}
    ]
  },
  "conclusion": "Este PRD establece las bases para el desarrollo de un sitio de comercio electrónico competitivo en el mercado español de moda femenina. La propuesta combina las mejores prácticas de diseño UX para e-commerce con funcionalidades específicas como la integración de WhatsApp, que diferenciará este proyecto de los competidores. Las decisiones técnicas priorizan la usabilidad, rendimiento y capacidad de gestión para propietarios sin conocimientos técnicos avanzados, permitiendo un lanzamiento rápido y una evolución gradual del producto. Se recomienda comenzar con un MVP enfocado en las funcionalidades P0 para validar el mercado y obtener feedback temprano de usuarios reales antes de implementar características más avanzadas."
}